Sektion;Nr;Item;Form;Annahme/Frage;Status;Kommentar
3 Inventur;31;Matrix als einzig nicht-vorlagen-basierter Container;Annahme;Matrix bleibt structural ohne Vorlagen-Modell;offen;richtig
3 Inventur;32;Board zu Vorlage Kanban;Annahme;Bestehender Code (BoardView, kb_columns, atom_manifestations(kanban)) wird unter Kanban-Vorlage gefasst;offen;richtig
3 Inventur;33;Info-Felder leben heute in cell.data.infoFields[];Beobachtung;Info ist heute kein Atom sondern JSONB-Array � Migration noetig;offen;"richtig, Denkmodell: ""Ich gehe in Zelle X, darin befinden sich 5 Infofelder, eines davon sind die wichtigen Vertragsmerkmale des Kunden: ich kann dieses Infofeld nehmen und im Kalender droppen um mir z.B. die Vertragspr�fung zeitlich zu kennzeichnen."
3 Inventur;34;Doc als Vorbild fuer Vorlagen-Modell;Annahme;Doc-Pattern liefert nur Entkopplungs-Idee. Vorlagen=Auto-Sync mit Override-Layer + Schloss-Toggle pro Cell-Instanz. Slot/Aggregat ueber Filter+Welle-D-Tags, kein neuer parent_kind, kein widget_instances. Schloss schuetzt Layout. Detail 6.8.;bestaetigt;User 2026-05-05: Abweichung + Auto-Sync default + Lock-Toggle. Hybrid-parent_kind verworfen.
3 Inventur;35;Hotkeys 5-9 + n frei;Beobachtung;Aus features.ts:86 � bestaetigt;offen;richtig
3 Inventur;36;Smart Summary liest schreibt nicht;Beobachtung;Wird im Vorlagen-Modell selbst zur Vorlage Dashboard mit Read-Widgets;offen;richtig
3 Inventur;37;Externe Anker pro Feature richtig priorisiert;Frage;Welle-1-Provider OneNote Outlook OneDrive Google-Cal � passt?;offen;ja diese sehe ich als sinnvoll zun�chst
4 Atome;41;info_field als 6. Atom-Typ V1;Empfehlung;Atom-Liste waechst auf 6 (task link checklist doc imported_event info_field);offen;richtig
4 Atome;42;note als 7. Atom-Typ;Empfehlung;NEIN V2 � atom_comments + extern decken Use-Case;offen;Wenn gemeint ist, dass mal Kommentare als Aton sieht: geht V2, muss nicht jetzt sein
4 Atome;43;Marker-Modell;Annahme;Eigene Tabelle atom_markers (Layer-4-Pattern). Kinds star (Workspace+Counter) + eye (User-privat). Star-Toggle pro Widget abschaltbar, Eye immer fuer User. Migration WV.B.;bestaetigt;User 2026-05-06: Option B + Star+Eye + UI rechts oben + Realtime mit Throttle 1-2s
4 Atome;43a;atom_markers RLS;Annahme;SELECT: is_workspace_member AND (kind=star OR user_id=auth.uid()). WRITE: nur Owner;bestaetigt;User 2026-05-06
4 Atome;43b;UI-Pattern Star+Eye;Annahme;Right-aligned in Card-Toolbar, Star=Amber/--warning + Counter + Hover-Liste, Eye=Blue/--accent ohne Counter, Click-Pulse animations.md §2.15;bestaetigt;User 2026-05-06
4 Atome;43c;Filter-Conditions;Annahme;has_marker(kind, by_user, count>=N) als WidgetFilter-Condition. Smart-Summary erweitert um Beobachtet-von-dir-Widget;bestaetigt;User 2026-05-06
4 Atome;43d;Realtime-Throttle;Annahme;Star-Counter 1-2s Debounce pro Atom, sonst voll Realtime. Eye nicht broadcasted (User-privat);bestaetigt;User 2026-05-06
4 Atome;43e;Realtime-Konsistenz-Direktive (Cross-Cutting);Direktive;Realtime ist Default fuer alle user-relevanten Mutationen. Sekunden-Verzoegerung OK, kein Funktion-weiser Mix. architektur.md §5.8 + Memory.;bestaetigt;User 2026-05-06: gilt fuer ALLE Wellen
4 Atome;44;link.provider-Diskriminator;Annahme;Option A bestaetigt — links.type gedroppt clean-cut neue Spalten provider+provider_meta. 15 Provider-Werte. url=kanonische Click-Through (Permalink ODER App-Resolver). Migration WV.B.;bestaetigt;User 2026-05-06: Option A, vollstaendige Provider-Liste, SMTP als mail-generic
4 Atome;44a;mail-generic IMAP+SMTP;Annahme;User gibt IMAP+SMTP+Username+App-Password an. Verschluesselter Storage. UI weist auf Sicherheits-Heikle hin;bestaetigt;User 2026-05-06: SMTP relevant
4 Atome;44b;OAuth-Token-Storage user_oauth_tokens;Annahme;Reuse user_ai_providers-Pattern: pgp_sym_encrypt + Owner-RLS + Lazy-Refresh. widget_external_channels haelt nur Provider-Ref;bestaetigt;User 2026-05-06: heutiger Standard
4 Atome;44c;links.url als kanonische Click-Through-URL;Annahme;Public-Permalink ODER App-Resolver. B-tree-Index Search-tauglich;bestaetigt;User 2026-05-06: professioneller + performanter
4 Atome;44d;Adjacent-Cleanup sanitizeUrl;Adjacent;Erweitern um Provider-Allowlist + neuer validateProviderRef-Helper;offen;User 2026-05-06: reusen + erweitern
4 Atome;44e;Clean-cut Migration;Annahme;links.type gedroppt existing rows provider=url Default. Inkonsistente Eintraege loeschen;bestaetigt;User 2026-05-06: Bestandsdaten egal
4 Atome;44f;Migration-Welle-Splittung;Entscheidung;link.provider in WV.B. widget_external_channels + user_oauth_tokens in WV.D;bestaetigt;Claude-kontext-aware 2026-05-06
4 Atome;45;Migration cell.data.infoFields + cell.data.links zu Atomen;Annahme;Clean-cut WV.B. info_fields-Tabelle + atom_type=info_field + kind=info. cell.data Sub-Keys gedroppt. cells.data droppen wenn leer.;bestaetigt;User 2026-05-06: Clean-cut, weg damit wenn nicht benoetigt
4 Atome;45a;value_type-Liste V1;Annahme;10 Types: text/number/date/currency/boolean/email/phone/url/enum/alias-ref. V2: rich-text. Pro Type nativer Form-Renderer;bestaetigt;User 2026-05-06: alles uebliche + Sinn
4 Atome;45b;Cell-Links-Migration;Annahme;Trivial alle existing cell.data.links zu link-Atomen mit provider=url. Keine Heuristik;bestaetigt;User 2026-05-06: keine Daten
4 Atome;45c;MCP-Tool-Naming;Entscheidung;info_field.add/edit/move/delete/list — konsistent mit Welle-D atom-tag/atom-pin. Tool-Trio + Realtime-Garantie Pflicht;bestaetigt;Claude-kontext-aware 2026-05-06
4 Atome;45d;WorkspaceExport-Versions-Migration;Verworfen;User hat keine alten Exports;verworfen;User 2026-05-06: vergiss es
4 Atome;45e;cells.data-Spalte als Ganzes;Annahme;Wenn nach Cleanup leer: Spalte droppen. Adjacent-Cleanup-Audit beim Migrations-Sprint;bestaetigt;User 2026-05-06: weg damit
4 Atome;45f;Realtime-Garantie fuer info_field;Pflicht;info_fields in supabase_realtime + REPLICA IDENTITY FULL. Mutations via safe-mutation. Tool-Trio + Realtime-Garantie §6.1;bestaetigt;User 2026-05-06: §5.8
4 Atome;45g;Tool-Trio + Realtime-Garantie (Cross-Cutting);Manifest-Update;User-Frage 8: Realtime gehoert zur MCP-Tool-Pflicht. §6.1 erweitert um 4. Pflicht-Slot Realtime-Garantie;bestaetigt;User 2026-05-06: Wunder Punkt — gilt fuer ALLE existing+zukuenftige MCP-Tools
5 Widget-Foundation;51;Section-Container;Annahme;horizontal Default-Collapsed=false Visibility=always/edit_only;offen;Ich w�rde sagen: default offen, aber merkt sich letzte Einstellung
5 Widget-Foundation;52;Column-Sizing;Frage;rem oder fr-Units?;offen;bitte kl�re mich auf, wir entscheiden
5 Widget-Foundation;53;Widget.size;Annahme;rows x cols als Grid-Span auf 12-Spalten-Grid;offen;macht Sinn
5 Widget-Foundation;54;Comment-Toggle Default;Annahme;Default external per �14;offen;richtig
5 Widget-Foundation;55;Attachment-Toggle Default;Annahme;Default cloud per �14;offen;Was mir hierbei noch nicht ganz klar ist: Standardm��ig ist nat�rlich nichts eingerichtet. Es macht daher Sinn, wenn bei ersten aktivieren des Toggels ein Dialog  mit eiem freundlchen Hinweis erscheint, dass das oberste Ziel des Tools ist, informationen zusammenzuf�hren, aber nicht noch eine ablagequelle mehr hat, und daher externe abindung empfohlen wird, aber das tool nat�rlich eine native funktion bietet - mit dem Angebot (Button) jetzt einzurichten und auch diese Meldung nicht mehr anzuzeigen
5 Widget-Foundation;56;User-Override pro Cell-Instanz;Annahme;Option A — sparse cell_widget_overrides (instance_id x widget_id x override_data jsonb). Auto-Sync wirkt fuer nicht-uebergeschriebene Felder.;bestaetigt;User 2026-05-06: A
5 Widget-Foundation;56a;Reset-pro-Widget;Annahme;Rechtsklick auf Widget → Auf Vorlage zuruecksetzen → loescht Override-Eintrag. pushUndo + showUndoToast.;bestaetigt;User 2026-05-06
5 Widget-Foundation;56b;Indicator-Dot bei Anpassung;Annahme;Kleiner Dot oben rechts. Hover-Tooltip Angepasst-zuruecksetzen. Pulse beim ersten Override.;bestaetigt;User 2026-05-06
5 Widget-Foundation;56c;Position-Reorder atomar (Option c);Annahme;Position-Override nie einzeln, nur via Drag-Reorder. Bulk-Upsert fuer alle Widgets der Section/Column. MCP: widget.reorder (nicht widget.position.set).;bestaetigt;User 2026-05-06: c
5 Widget-Foundation;56d;Realtime-Throttle Hausverstand;Direktive;Lokal-optimistic waehrend Drag/Resize. Atomic-Commit am Drag-End. Form-Field: 500ms Debounce + 1-2s Server-Throttle.;bestaetigt;User 2026-05-06: andere User nicht laufend zuschauen
5 Widget-Foundation;57;Override-Granularitaet;Annahme;Top-Level-Field sparse. Sub-Objects (data.query, externalRef, config) atomar ueberschrieben. Read = mergeShallow(template, override).;bestaetigt;User 2026-05-06
5 Widget-Foundation;57a;mergeShallow-Helper als Single-Source;Adjacent-Cleanup;lib/template-merge.ts. Audit existing JSONB-Merge-Code auf Reuse-Kandidaten.;bestaetigt;User 2026-05-06
5 Widget-Foundation;58;Reset-to-Template-Action;Annahme;Pro Feature/Vorlage. Bei Vorlagen-basiertem Feature: Reset loescht alle cell_widget_overrides (mit Undo). Bei Blank-Feature: leeren oder Vorlage einladen.;bestaetigt;User 2026-05-05: pro Feature, Vorlage- vs. Blank-Unterscheidung.
5 Widget-Foundation;59;WidgetType-Liste vollstaendig;Annahme;11 Types � vollstaendig?;offen;lass uns reden bitte
5 Widget-Foundation;510;Mobile-Override;Annahme;Columns stacken vertikal unter --bp-md (48em);offen;User 2026-05-05: Empfehlung via /frontend-design einholen
5 Widget-Foundation;511;Datenquelle direct/query/external;Annahme;Diskriminierte Union. direct=Atom per Alias, query=Filter-Builder, external=Channel-Embed;bestaetigt;User 2026-05-05: kein Hybrid-parent_kind, Filter+Aliase als Anker-Sprache
5 Widget-Foundation;512;UI-Stile aus query.limit + atom_types;Annahme;Mono-Slot/Misch-Slot/Aggregat als Render-Hint, kein Datenmodell-Unterschied;bestaetigt;User 2026-05-05
5 Widget-Foundation;513;Filter-Builder als Modal (globaler Reuse);Annahme;FilterBuilderModal Single-Source fuer Widget/Sidebar/Command-Palette/Saved-Filters. Inline scheidet aus, Widget-Groesse variiert;bestaetigt;User 2026-05-05
5 Widget-Foundation;514;Drop bei OR/Komplex-Filter;Annahme;Modal mit Auswahl: (a) Attribute setzen + uebernehmen (b) verwerfen (c) neues Widget anlegen;bestaetigt;User 2026-05-05
5 Widget-Foundation;515;Empty-Slot-Placeholder;Annahme;Symbol/Placeholder + CTA droppen oder Regel zuweisen. Pulse-Animation auf Drop-Hover;bestaetigt;User 2026-05-05: Useability/UX wichtig
5 Widget-Foundation;516;Saved-Filters als Tabelle;Annahme;Re-use-bar Workspace/User-scope, RLS analog feature_templates. Reuse in Widget/Sidebar/Command-Palette;bestaetigt;User 2026-05-05
5 Widget-Foundation;517;Picker-Helper-Globalisierung (Alias/Tag/Object/User/Atom/Cell);Adjacent-Cleanup-Auftrag;Eigener Picker-Audit-Sprint deferred. Pflicht-Output: Matrix mit Ist/Soll/Vereinheitlichung pro Picker-Fall im Code (alle existing Stellen: use-alias-autocomplete, alias-index, alias-chip-menu, use-object-suggest, tag-index, atom-tags, pm-mention-plugin, ObjectPickerModal, ObjectSuggestion, AtomPickerModal, CellSuggestModal + Audit-Entdeckungen). Detail-Entscheidungen (Render-Linsen, PM-Mention-Scope, Object-Doppel-Pfad, Tag/User-Generizitaet) leiten aus Matrix ab — NICHT jetzt im Konzept. Filter-Builder Welle WV nutzt heutige Picker, Refactor zieht spaeter ein. Im BACKLOG verankert.;bestaetigt;User 2026-05-07: bitte entscheide du das wann ... wir muessen beim hingreifen konkret JEDEN Fall im Code in einer Matrix darstellen ... das muss nicht jetzt sein
5 Widget-Foundation;518;Atom-Filter-Attribute pro Atom-Type;TBD-Vermerk;Eigener Pre-WV.A-Audit-Sprint deferred (analog 5.17). Pflicht-Output pro Atom-Type pro Attribut: Spalten-Mapping (existing/needs migration/drop) + UI-Form (Select/Date-Range/Numeric/Boolean/Free-Text) + Index-Pflicht (BTREE/GIN/Partial) + Translation-String + Drop-Diskussion (has_subtasks, domain zu pruefen). Output: lib/atom-filter-attrs.ts als TS-Konstante (Single-Source). Liste §17.1 bleibt V1-Vorschlag. Detail-Entscheidungen (Scope kuenftige Atome, JSON vs TS, User-Custom-Attribute) leiten aus Audit ab. Im BACKLOG verankert.;bestaetigt;User 2026-05-07: Variante b und Drops zum gegeben Zeitpunkt besprechen
6 Vorlagen-Modell;61;Slot 1 Matrix als Plattform-Vorlage mit template_kind=structural-node;Annahme;Variante C bestaetigt. Matrix als Plattform-Vorlage. Slot 1 User-Override moeglich. Matrix-Erzeugung via Command-Palette + /templates/ (kein Edit-Mode-Toolbar-Button noetig).;bestaetigt;User 2026-05-06 Re-Diskussion: 1=C ok, 3=kein alternativer Pfad
6 Vorlagen-Modell;62;Slot-Override drei-Schicht-Inheritance;Annahme;Variante C — Plattform-Default → Workspace-Override (Owner-only) → User-Override. workspace_hotkey_slots + user_hotkey_slots Tabellen. Realtime fuer Workspace user-privat optional. Toast bei Default-Aenderung wenn User-Override.;bestaetigt;Claude-Auto-Mode 2026-05-06: Best-Practice VSCode/Notion/Slack-Pattern
6 Vorlagen-Modell;63;Plattform-Default-Belegung (korrigiert 2026-05-06 Re-Diskussion 6.1);Annahme;Slots 1-4 vorbelegt: Matrix(1 structural-node) Info(2) Kanban(3) Checkliste(4). Slot 5+d+n offen — Folge-Sprint.;bestaetigt;User 2026-05-06: nur 4 Slots vorbelegt, Slots 2+3 getauscht
6 Vorlagen-Modell;63d;MCP/AI-Onboarding-Vorschlag;Folge-Sprint;Onboarding-Wizard mit AI-Pipe schlaegt Plattform-Vorlagen vor + belegt Slots. Voraussetzung erweiterte Plattform-Vorlagen-Bibliothek (Admin-pflegbar). MCP-Tool template.suggest(workspaceContext). Detail-Spec eigenes Plan-File nach WV.D.;bestaetigt;User-Vorschlag 2026-05-06: V1 nur 4 Defaults hardcoded
6 Vorlagen-Modell;64;Berechtigungsmatrix Plattform/Workspace/User;Annahme;Berechtigungsmatrix bestaetigt. Hotkey-Slot nur Workspace-Owner. Viewer keine Bulk-Apply. Plattform-Loeschen mit Reichweiten-Bericht. Promote nur Admin-Push (kein User-Request V1). Adjacent: is_workspace_owner pruefen. §6.3b.;bestaetigt;User 2026-05-06 Re-Diskussion 6.4: alle 6 ok
6 Vorlagen-Modell;65;title_template Variablen-Substitution;Annahme;Maximale Konsolidierung mit Welle D. Reuse label-template.ts. Variablen-Liste = Welle-D-Liste {row.object} {column.object} nicht erweitert. Vorlagen-title_template = primary Cycle-Vorschlag im NewCellWizard. Kein neuer Picker — bestehende Welle-D-Logik reused.;bestaetigt;User 2026-05-07 Re-Diskussion 6.5: synchron mit name-cycle
6 Vorlagen-Modell;66;Symbol-Library Heroicons;Annahme;Heroicons V1. Neue IconPicker-Komponente (kein existing). V2 Custom-Upload deferred. Plattform-Defaults 1-4: squares-2x2 information-circle view-columns check-circle. Adjacent-Probe beim Implementieren.;bestaetigt;User 2026-05-07 Re-Diskussion 6.6
6 Vorlagen-Modell;67;symbol_color als Token-Reference;Verworfen;Nicht implementieren — Icon allein reicht. feature_templates ohne symbol_color-Spalte.;verworfen;User 2026-05-06: es reicht das Symbol
6 Vorlagen-Modell;68;layout_version-Pinning + Auto-Sync-Detail;Annahme;Final 2026-05-07. Schema layout_version+pinned_version+is_locked. Auto-Sync=JIT. Schloss-Toggle Edit-Mode-gated. Update-Hint-Banner immer sichtbar Anwenden Edit-Mode-gated. Bumps nur Strukturelles (Section/Column/Widget add/remove/move + Filter). Toggle/Name/Symbol/title_template bumpen nicht. V1 naive Version-Bump.;bestaetigt;User 2026-05-07 Re-Diskussion 6.8
7 Designer;71;B (Save-as-Template) als V1;Annahme;Aktuelle Ansicht im Edit-Mode -> Als Vorlage speichern. Direkt-Save oder im Designer weiter editieren;bestaetigt;User 2026-05-05
7 Designer;72;A (Designer-Route) als V1 (korrigiert);Annahme;Vorlagen-Verwaltungs-Route /w/:wsId/templates/ ist V1: Liste + Neu + Edit + Loeschen mit Feedback + Hotkey-Slot + Globaler Toggle. WYSIWYG-Editor V1-minimal, Komplettausbau V2;bestaetigt;User 2026-05-05 (korrigiert von V2 oder verworfen auf V1)
7 Designer;73;Default-Wahl im Cell-Wizard;Annahme;Default Matrix (Slot 1). Wenn schon Matrix vorhanden: leere Vorlage. Markierte Zelle(n) + Hotkey + Wizard mit Feature -> Benennung (1.=Alias, ab 2. vorausgefuellt) -> Enter;bestaetigt;User 2026-05-05
7 Designer;74;Save-as-Template-Modal;Annahme;Toggle Global on/off (Workspace-Wizard) + Name + Symbol + Hotkey-Slot. Plattform-Admin-Mode separat fuer SaaS-weit global;bestaetigt;User 2026-05-05
7 Designer;75;Vorlagen-Liste-View;Annahme;Final 2026-05-07. Tab-Filter Default Workspace (4 Tabs). Search Name+Beschreibung+Atom-Type-Mix. Spalten Symbol/Name/Beschreibung/Sichtbarkeit/Hotkey/Usage/letzte Aenderung/Erstellt-Avatar(Multi-User)/Aktions-Trigger. Sort-Default Sichtbarkeit>Name. Aktionen 3 Trigger: Drei-Punkte+Rechtsklick+Plus. Mobile-Card-Layout. Reuse Member-Liste.;bestaetigt;User 2026-05-07 zu 7.5
7 Designer;75a;User-Avatar-Visibility (Cross-Cutting);Direktive;Avatars nur bei Multi-User-Workspace. Helper useShowUserAvatars als Single-Source. Pflicht in Vorlagen-Liste/NavTree/Marker/Comment. Adjacent-Trigger bei jedem File mit Avatar. Memory feedback_avatar_visibility_multiuser_only.md.;bestaetigt;User 2026-05-07: gilt fuer ALLE Welten
7 Designer;76;Loesch-Feedback-Modal;Annahme;X Cells nutzen das + Optionen [Cells leeren / Cells konvertieren zu Blank / Abbrechen] + pushUndo + showUndoToast;bestaetigt;User 2026-05-07: passt
7 Designer;77;Hotkey-Slot-Picker;Annahme;V1: Slot-Picker nur Ziffern 1-9. Buchstaben-Slots (d, n, etc.) entfallen in V1. Konflikt-Check + Confirm bei Override. V2: Buchstaben-Slots koennen dazu kommen. Doku-Globaler-Hotkey d bleibt unveraendert ausserhalb des Slot-Schemas.;bestaetigt;User 2026-05-07: derzeit passt 1-9 spaeter kann man auch Buchstaben waehlen
7 Designer;78;Globaler-Toggle-Workflow;Annahme;Workspace-Owner: Im Feature-Wizard verfuegbar (Workspace-weit). Plattform-Admin: separate Route fuer SaaS-weit global;bestaetigt;User 2026-05-07: passt
7 Designer;79;Plattform-Vorlagen nicht loeschbar;Annahme;Ausgrau + Tooltip Plattform-Default — User kann duplizieren statt loeschen;bestaetigt;User 2026-05-07: passt
7 Designer;710;WYSIWYG-Editor V1-Minimal vs V2;Annahme;Final 2026-05-07. V1: Up/Down+DnD-Reorder, Widget-Picker als Modal, Inspector-Sidebar, Inline-Edit, Trash-Loeschen, layout_version-Bump nur Strukturelles. V2 deferred: Widget-Palette-Drag, Snap-to-Grid, Layout-Templates, Diff-Preview, History, OT/CRDT, Mobile-Editor. Adjacent: BoardView-DnD + Live-Cursor reuse.;bestaetigt;User 2026-05-07 zu 7.10
7 Designer;710a;Soft-Lock-Pattern Multi-User-Edit;Annahme;Reuse Welle-P1.D Live-Cursor-Infra. User A oeffnet Editor → Lock-Signal Workspace-Channel. User B sieht Banner beobachten/Sperre-uebernehmen. Force-Acquire moeglich (Soft). Auto-Release nach 5min oder Close. Heartbeat = existing Presence. Kein neues Schema.;bestaetigt;User 2026-05-07 zu 7.10 #3
8 Bulk-Action;81;Selektions-Modell (Multi-Select existiert heute nicht);Annahme;Final 2026-05-07. Edit-Mode-only. Per-Matrix-scoped (Strg+A nur aktuelle Ebene). Drill-Up/Down clear-t. Visuell: Outline + Checkmark-Badge top-right + expand-fade/collapse-fade. Globaler Store lib/cell-selection.ts als Single-Source mit selectedCellIds-Signal + Actions. Auto-Clear bei Drill + Edit-Mode-Exit. Mobile/Touch V2 deferred.;bestaetigt;User 2026-05-07: stimme voll zu + globaler Store bestaetigt
8 Bulk-Action;82;Selektions-Hotkeys + Bulk-Wizard-Flow;Annahme;Interim-final 2026-05-07. Hotkey-Inventar: Strg+Click toggle, Shift+Click range, Strg+A all (Matrix-scoped), ESC clear, Enter mit Selektion = Bulk-Wizard, 1-9 = Direkt-Bulk-Wizard Slot N, Alt+1-9 = Vorlage destruktiv entfernen (Confirm + Liste + Undo), Alt+Entf = Cells leeren (Confirm + Liste + Undo + Export-Checkbox + Fundus-Wahl wenn implementiert). Auto-Alias V1-Default zusammengesetzt {vorlage}-{row}-{col}, Checkbox abwaehlbar. Neue Komponente BulkScalarInput (Single-Input + Drilldown zu Per-Row-Edit) - globale Anlage gemaess code-quality.md §6.5, style.md-Eintrag bei Implementierung. Neue Komponente DangerousDeleteModal (Confirm + collapsible-Liste + Export-Checkbox + Fundus-Knopf) - globale Anlage gemaess §6.5. Atom-Loesch-Logik (c): Atom selbst nur loeschen wenn ausschliesslich in dieser Cell manifestiert, sonst nur Manifestation kappen. Sub-Matrizen rekursiv (c). Toolbar-Button-Aequivalent fuer alle Hotkeys WCAG-Pflicht - stilsichere Loesung TBD bei Impl.;bestaetigt;User 2026-05-07: 1=ok 2=a 3=BulkScalarInput-Name + style.md-Eintrag bei Umsetzung 4=destruktiv mit Liste + Fundus-Sub-Sprint 5=Export-Doppelboden neu zu bauen 6=collapsible 7=stilsicher TBD
8 Bulk-Action;83;Slot 1 (Matrix) bei Bulk-Apply via Confirm-Modal;Geaendert;Final 2026-05-07. Sperre verworfen. (a) Threshold N>1 triggert Confirm-Modal N Sub-Matrizen werden angelegt - fortfahren? (alle leer) + pushUndo. (b) Default-Inhalt leer (nur Matrix-Container keine Cells). (c) Slot 1 + N=1 = existing NewCellWizard-Pfad reusen (alleiniger Cell-Anlage-Pfad).;bestaetigt;User 2026-05-07: confirmmodal sinnvoll + alle 3 sinnvoll
8 Bulk-Action;84;Bulk-Apply-Idempotenz / Skip-Liste (Wizard-Step 1a);Annahme;Final 2026-05-07. Step 1a vor Vorlage-Naming. Skip-Liste mit Checkbox Default markiert=ueberspringen Abmarkieren=ueberschreiben mit Confirm. Sichtbarkeit nur wenn Konflikte. Szenarien: A leer=skip. B aktuell=still+Toast. C gleiche/alt=Skip-Liste Tag re-sync (Variante a) §6.3c-Hint parallel. D andere Vorlage=Skip+Tag. E Overrides=Skip+Warnung. F locked=Skip+Lock-Symbol abmarkierbar mit Force-Confirm. Pro Zeile: Vorlage+Version+Konflikt-Tag. Globale Komponente BulkConflictPicker (Reuse Bulk-Tag/Channel/Schema-Migration) gemaess code-quality.md §6.5 style.md-Eintrag bei Impl. Zweite Confirm fuer abmarkierte Cells (Datenverlust-Liste). pushUndo Pflicht.;bestaetigt;User 2026-05-07: passt zu Variante (a) Re-Sync in Skip-Liste + uebrige Empfehlungen
8 Bulk-Action;85;pushUndo + showUndoToast;Annahme;Pflicht per code-quality.md §8 + CLAUDE.md Destruktives kriegt Undo. Pflicht-Foundation ohnehin verbindlich.;bestaetigt;User 2026-05-07: ja final
8 Bulk-Action;86;Selektions-Counter im Edit-Mode;Annahme;Final 2026-05-07. Pill-Counter rechts in Edit-Mode-Toolbar. Animation count-bump (Welle-T existing) bei Selektions-Aenderung. Reuse existing Pill-Style (Badge falls existing sonst HyperUI-Pill). Keine neue Komponente.;bestaetigt;User 2026-05-07: klingt gut wenn stilvoll + ja final
8 Bulk-Action;87;Slot-Hint-Toolbar im Edit-Mode;Annahme;Final 2026-05-07. Edit-Mode aktiv = Toolbar immer sichtbar. 9 Slot-Buttons mit Symbol+Hotkey-Zahl-Subscript. Hover-Tooltip. Click=Bulk-Wizard Slot N (WCAG-Aequivalent 8.2.6). Leere Slots gedimmt+Plus-Hover Click=/templates/. Drei-Schicht-Inheritance-Indikator: Workspace=blauer Punkt unten links, User=gelber Punkt unten rechts. Position links neben 8.6 Counter. Mobile <48em=Dropdown Slots ▾. Neue Komponente SlotHintToolbar gemaess §6.5 style.md-Eintrag bei Impl. Zero-Shift-Pflicht (Querschnitt §8a).;bestaetigt;User 2026-05-07: ja das ist gut + neue Direktive Zero-Shift
9 Cross-View;91;task x kanban;Beobachtung;Audit 2026-05-07: live (BoardView akzeptiert task);bestaetigt;Audit-OK
9 Cross-View;92;task x checklist;Beobachtung;Audit 2026-05-07: live (ChecklistPanel akzeptiert task);bestaetigt;Audit-OK
9 Cross-View;93;task x calendar;Beobachtung;Audit 2026-05-07: live (Welle T.AC.D + SidebarCalendarMini);bestaetigt;Audit-OK
9 Cross-View;94;link x kanban;Korrektur;Audit 2026-05-07: KORREKTUR Drop-Target fehlt (BoardView:457 lehnt link ab). Soll: live nach WV.WV (Generic-Drop);bestaetigt;Konzept 2026-05-04 sagte live - Audit zeigt fehlt
9 Cross-View;95;link x checklist;Korrektur;Audit 2026-05-07: KORREKTUR Drop-Target fehlt (ChecklistPanel:148 lehnt link ab). Soll: live nach WV.WV;bestaetigt;Konzept 2026-05-04 sagte live - Audit zeigt fehlt
9 Cross-View;9A;atom_pins-Konsolidierung Architektur-Entscheidung;Architektur-Entscheidung;atom_pins -> atom_manifestations(kind=pinned) mit polymorphem container_id + container_kind ENUM {kanban-col,checklist,calendar,cell,atom,node}. Clean-Cut-Migration. atom_tags BLEIBT (semantisch verschieden). Generic-Drop-Helper. Sprint WV.WV.;bestaetigt;User 2026-05-07: Option A bestaetigt + kombinierter Sprint + atom_tags-Bewertung passt
9 Cross-View;96;link x calendar (inkl Mail via link.provider);Beobachtung;Audit 2026-05-07: live seit Welle T.AC.D.1 (SidebarCalendarMini -> openManifestationModal mit Range/Recur/Time + dropAtomOnDate fuer Move). RecurType none/daily/weekly/monthly/yearly + End-Rule. Range XOR Recur (V1-Constraint).;bestaetigt;User: hatte es noch nicht getestet - aber umso besser wenn vorhanden
9 Cross-View;96a;Click-Action auf Link-Calendar-Termin;Annahme;Final 2026-05-07. Variante (b) Detail-Modal mit Link-Preview + Oeffnen-Button. Edit-Modal-Pfad ueber ✏️-Button im Detail-Modal.;bestaetigt;User: b
9 Cross-View;96b;Range+Recur-Kombi V1-Constraint;Frage;Range XOR Recur belassen V1. Lockerung post-V1.;bestaetigt belassen;User: noch belassen
9 Cross-View;96c;Hauptkalender-Route Drop-Target + Drag-Hover-Navigation;Annahme;Final 2026-05-07. Hauptkalender-Route bekommt Drop-Targets. Plus Drag-Hover-Navigation als Querschnitt §9.B (auch fuer 9.9/9.10/9.13).;bestaetigt;User: muss ich mit dem gedraggten element aber auch zum Kalender navigieren koennen
9 Cross-View;9B;Drag-Hover-Navigation (Querschnitt-Pattern);Architektur-Direktive;Final 2026-05-07. Komponente DragHoverNavigator neu. NavTree expandiert auf Drag-Hover als Overlay mit Backdrop-Blur 0.25rem + Puls-Animation. Drag-State persistent. Sub-Pattern Modal->NavTree-Suche aus Doc-Editor. Zero-Shift-Pflicht (§8a). Manifest: style.md §6.5 + Memory feedback_drag_hover_navigation.md + MEMORY.md. Sprint WV.WV als 4. Output.;bestaetigt;User: alles ja
9 Cross-View;96;link x calendar;Frage;Wiedervorlage?;offen;nein, das ist wichtig. Mentalmodell: Ich habe einen Link/Mail, als w�chentliche aktion - im kalender droppen - Termininformationen dazu (recur usw.) - boom - praktisch
9 Cross-View;97;checklist x kanban;Final 2026-05-07;Audit: Drop-Target fehlt heute. Soll: live nach WV.WV. Render-Variante (c) Hybrid: Default Mini-Card (Title + Count + Progress) + Click-Expand-Toggle = Inline-Items-Mini-Liste (Checkbox+Label). Spalte waechst beim Expand - erlaubt (Content-Update, kein Edit-Mode-Toggle). Vorlage-Toggle checklist_card_default mini/expanded in §13. Items draggable aus Inline-Card. Mobile: nur Mini+Modal.;bestaetigt;User 2026-05-07: ich gehe mit allem konform + Zero-Shift-Praezisierung (nur Edit-Mode-Toggle)
9 Cross-View;98;checklist x calendar (Wiedervorlage);Final 2026-05-07;Live seit Welle T.AC.D.1 (SidebarCalendarMini + dropAtomOnDate + Modal mit Range/Recur/Time). Analog 9.6 mit Click-Action (b) Detail-Modal + Open-Button + Hauptkalender-Drop-Target via WV.WV.;bestaetigt;User 2026-05-07: wenn live und funktional dann weiter
9 Cross-View;98a;Click-Action auf Checklist-Calendar-Termin;Annahme;Final 2026-05-07. Variante (b) analog 9.6a: Detail-Modal mit Items-Preview (erste 3-5 Items + Checkbox-Status + +N weitere) + Checkliste oeffnen-Button + Edit-Button. WV.WV.;bestaetigt;User 2026-05-07: weiteren (b)
9 Cross-View;99;doc x kanban;Final 2026-05-07 (refined 9.10);Drop-Pfad: Drag doc aus allen Drag-Sources (DocsPopup + Sidebar-Liste + Doc-Card-NavTree + Atom-Mention) -> §9.B Drag-Hover-Navigator -> Cell -> WidgetPicker-Modal (generisch ueberholt KanbanColPicker). User muss aktiv waehlen - kein Preselect - bei Abbruch verworfen. Card<doc>: Title + Mini-Excerpt 80 Zeichen + Doc-Icon + Pin-Count-Badge. Click=DocsPopup.;bestaetigt;User: 1=alle drag sources 2=einheitlich nach drop 3=User muss waehlen sonst verworfen 4=passt 5=passt 6=ja
9 Cross-View;910;doc x checklist (Copy/Paste + Root-Widget + Modal->NavTree);Final 2026-05-07;Drei Pfade. (A) Copy/Paste mit Clipboard-Detection (Doc-Atom-Ref / Plain-Text-Lines / Markdown -[]). Bulk-Paste auf Multi-Select. (B) Root-Widget-Logik mit Multi-Root-Disambiguierung (User-Klarstellung): mehrere Vorlagen in einer Cell koennen Checklist als Root haben. Routing: ≥2 Root=WidgetPicker prominent / =1 Root=direkt / 0 Root + ≥1 non-Root=WidgetPicker / 0 kompatibel=Confirm Neue-Vorlage. (C) Doc-Editor->NavTree-Suche als Sub-Pattern §9.B Modal-Variante: Liste markieren + Als-Checkliste-Toolbar oder /checklist Slash-Command -> Dialog mit Alias-Autocomplete + Absprung-Button map-pin -> Canvas-Blur + NavTree-Puls + Cell-Wahl. Multi-Select: nur markierte. Card<doc> in Checklist-Item polymorph.;bestaetigt;User: alles ja + Multi-Root-Klarstellung
9 Cross-View;910a;Root-Widget-Attribut auf feature_templates;Architektur-Erweiterung;Final 2026-05-07. feature_templates.root_widget_id uuid NULL REFERENCES template_widgets(id). Vorlage-Designer (§7.10) Inspector mit Root-Widget-Toggle pro Widget. Multi-Root pro Cell: WidgetPicker.;bestaetigt;User: Multi-Root-Klarstellung
9 Cross-View;910b;WidgetPicker (ueberholt KanbanColPicker);Komponenten-Refactor;Final 2026-05-07. Generischer WidgetPicker statt spezifischer KanbanColPicker. Reuse: Kanban-Spalten / Checklist / Form-Field-Slot / Multi-Root-Disambiguierung / Bulk-Apply mehrdeutige Ziele. Anlage gemaess code-quality.md §6.5. WV.WV als 5. Output.;bestaetigt;User: ja zu Frage 4 + Multi-Root
9 Cross-View;910;doc x checklist;Luecke;V1 Welle E.16;offen;"hier sehe ich folgendes: Copy/Pase kann man ja schon machen (sollte so sein!) -> Navtree (oder checklist) markieren -> Paste -> boom Checklist-Dialog geht auf. �berlegung k�nnte aber sein, dass features ein gewissen ""root widget"" haben -> Wenn root widget eine Checklist, dann kann in diesem feature ohne nachfrage gepastet werden, wenn checklist kein root widget, dann wird nachgefragt, ob man hier sicher eine checklist erzeugen will (�berlegung!). 2. In den Doks: Liste markieren > checkliste anlegen: Dialog mit aliaseingabe und autovervollst�ndigung / Suche - Absprungbutton mit symbol -> in Nav w�hlen (oder statisches Element im Such/alias-Dropdown ""In Navtree suchen"" oder so �hnlich -> dann graut der Dialog und das Canvas aus / wird gaussian verschwommen, und die Nav-sidebar klapt auf (falls verschlossen) mit einem kurzem puls des nav-tree-bereichts."
9 Cross-View;911;doc x calendar;Final 2026-05-07;Analog 9.6/9.8 nach WV.WV: SidebarCalendarMini doc-Branch + ManifestationAtomType erweitert um doc + atomLabelFor=Doku + dropAtomOnDate generisch + Click-Action analog 9.8a (Detail-Modal mit Doc-Excerpt + Doku-oeffnen-Button + Edit) + Hauptkalender-Drop-Target.;bestaetigt;User: kannst quittieren
9 Cross-View;912;imported_event x widgets (Drag-Source freigeschaltet);Final 2026-05-07;DragAtomType erweitert um imported_event als 5. draggable Atom-Type. Drop-Targets alle ausser gleicher Calendar-Tag. Calendar-zu-Calendar = Wiedervorlage-Manifestation mit eigenem display_meta-Snapshot. Kanban/Checklist/Cell-Pin via Generic-Drop. Source-Update: Title syncs Datum bleibt Snapshot. Card<imported_event>: Title+Provider-Color+Date+Source-URL-Button. Edit-Mode: kein Edit nur X-Button. Tags-Pills read-write.;bestaetigt;User 2026-05-07: alle wie empfohlen
9 Cross-View;913;info_field x kanban (post-WV.B);Final 2026-05-07;DragAtomType+info_field. Drag aus Form-Widget-Field-Row -> §9.B DragHoverNavigator -> WidgetPicker mit Root-Widget-Routing. Card<info_field>: Title=label + Value-typed-rendered + Origin-Badge. Click=drill+focus+Pulse. Edit-Sync Single-Source. Drop-Target-Coverage: Kanban/Checklist/Calendar(auto-Adapter)/Doc-Pin/Cell-Pin. Bei Link-Drop: Adapter-Dialog mit Anzeigetext+URL.;bestaetigt;User: 5=click drillt+Pulse 7=Link-Drop-Dialog
9 Cross-View;913a;Cross-Type-Drop-Adapter-Pattern (Querschnitt);Architektur-Direktive;Final 2026-05-07. Atom-Type-A auf Widget-Slot fuer Atom-Type-B = Adapter-Dialog mit Default-Mapping + User-Override + Submit erzeugt Atom-B oder Pseudo-Atom mit Snapshot. Reuse: info_field-url->Link-Widget, info_field-date->Calendar (auto), doc->Kanban-Card, link->Doc-Pin. Verankert in §9.C.;bestaetigt;User-Wunsch zu 9.13.7 als Querschnitt
9 Cross-View;914;info_field x calendar (auto aus typed Date-Field);Final 2026-05-07;Auto-Adapter §9.C ohne Dialog: info_field.value_type=date + value!=NULL = automatische Calendar-Manifestation mit start_date=value + label. Vorlage-Toggle Date-Felder im Calendar §13 Default ein. Postgres-Trigger sync. value=NULL = Manifestation entfaellt. Click=drill+focus+Pulse. V1 Single-Day, post-V1 date_range. Recur manuell.;bestaetigt;User: alle wie empfohlen
10 Kalender;101;link calendar Wiedervorlage;Cross-Reference;Bereits final in §9.6 - live seit Welle T.AC.D.1.;bestaetigt;User: ja
10 Kalender;102;checklist calendar Wiedervorlage;Cross-Reference;Bereits final in §9.8 + §9.8a Click-Action.;bestaetigt;User: ja
10 Kalender;103;doc calendar;Cross-Reference;Bereits final in §9.11 - post-WV.WV. Click-Action analog 9.8a.;bestaetigt;User: ja
10 Kalender;104;Auto-Calendar aus typed Date-Field;Cross-Reference;Bereits final in §9.14 + §13.10 - Vorlage-Toggle date_field_auto_calendar pro Vorlage einstellbar.;bestaetigt;User: ja
10 Kalender;105;Calendar-Outbound-Sync;Final 2026-05-07;Welle WV.E. Provider: Google + Outlook (Graph) + MS365. Bidirektional. OAuth-Re-Auth mit Write-Scope beim Aktivieren.;bestaetigt;User: 2-5 alle ok
11 Smart Summary;111;6 Default-Widgets aus Stub (1:1);Final 2026-05-07;Original-Stub: Kommende Tasks + Anstehende Termine + Ueberfaellig + Links + Docs + Activity. Vertragsende verworfen (zu spezifisch).;bestaetigt;User: Vertragsende ist zu spezifisch lass das weg anstehendes ist besser
11 Smart Summary;112;Filter pro Widget + Scope-Toggle Cell vs Cell+Substruktur;Final 2026-05-07;Max Filter-Flexibilitaet alle Filter-Builder-Conditions. Plus Scope-Toggle auf Smart-Summary-Feature-Page: cell_only vs cell_plus_substructure (rekursiv bei Sub-Matrizen). User-Override pro Cell.;bestaetigt;User: max Flexibilitaet + toggle auf der smart summary Feature page selbst
11 Smart Summary;113;Smart Summary OHNE Comments/Attachments;Final 2026-05-07;Korrektur: Comment-Toggles + Attachment-Toggles entfallen komplett. Smart Summary ist Read-Only-Aggregat - Kommentare am Atom selbst.;bestaetigt;User: warum braucht smart summary Attachments und comments? denke das sollte weg
11 Smart Summary;114;User-Override sparse via cell_widget_overrides;Final 2026-05-07;User kann pro Cell Smart-Summary-Widgets ausblenden/hinzufuegen/umordnen. Sparse-Overrides existing §5.3 + §6.3a.;bestaetigt;User: ja
11 Smart Summary;115;link.click_count V1-Pflicht (heute nicht existing);Final 2026-05-07;Audit: keine Spalte/Code-Pfad. V1-Pflicht-Migration in WV.B: links.click_count int default 0 + Increment-Trigger.;bestaetigt;User: nachziehen
11 Smart Summary;116;Smart Summary = Auto-Render-Pattern KEIN Hotkey-Slot;Architektur-Klarstellung;Final 2026-05-07. Smart Summary wird automatisch unter den Features gerendert (existing MatrixView.tsx:1103 rendert CellTaskSummary). Kein Hotkey-Slot kein Wizard. feature_templates bekommt render_position-Discriminator: hotkey_slot vs auto_under_features. Smart Summary = auto_under_features.;bestaetigt;User: Smart Summary in keinen Slot - wird bereits gerendert direkt unter den Features
11 Smart Summary;117;AI-Faehigkeiten V2;Empfehlung;V2: KI-Filter via Welle-A-Pipe (heute relevante Aufgaben statt fester Filter). Welle A live. V2 deferred.;offen;nicht diskutiert V2 deferred
12 Info-Konsolidierung;121;Migration cell.data.infoFields zu Atom (Clean-cut WV.B);Final;info_fields-Tabelle + atom_type=info_field. cell.data gedroppt cells.data droppen wenn leer.;bestaetigt;User 2026-05-06: Clean-cut
12 Info-Konsolidierung;122;Migration cell.data.links zu link-Atom (Clean-cut WV.B);Final 2026-05-07;analog 12.1: cell.data.links → link-Atome mit provider=url + atom_manifestations(standalone). cells.data droppen wenn leer.;bestaetigt;User: passt
12 Info-Konsolidierung;123;Initiale typed Field-Types V1 (10 Werte);Final 2026-05-07;text/number/date/currency/boolean/email/phone/url/enum/alias-ref. V2: rating/percentage/file-ref/markdown/range.;bestaetigt;User: passt
12 Info-Konsolidierung;124;Info-Vorlage Default-Layout (3 Sections);Final 2026-05-07;Felder/Links/Doku. User kann erweitern.;bestaetigt;User: passt
12 Info-Konsolidierung;125;Verhaeltnis zu Welle O.9;Final 2026-05-07;V1 Layer getrennt. V2 Object-Field-Inheritance optional pro Vorlage.;bestaetigt;User: passt
12 Info-Konsolidierung;126;Auto-Symbol pro Field-Type (10 Heroicons);Final 2026-05-07;text=document-text number=calculator date=calendar currency=banknotes boolean=check-circle email=envelope phone=phone url=link enum=list-bullet alias-ref=at-symbol.;bestaetigt;User-Vorgabe Auto-Symbol
12 Info-Konsolidierung;127;Auto-Symbol pro Link-Provider + Favicon-Fetch;Final 2026-05-07;15 Provider. provider=url=Favicon (SW-Cache TTL 30d Fallback globe). Mail/OneNote/Notion/Cloud/Messenger=Brand-SVG. Filesystem=folder. Auto-Detection + manueller Override.;bestaetigt;User-Vorgabe favicon oder Symbol fuer bekannte links
12 Info-Konsolidierung;128;Symbol-Toggle drei Ebenen;Final 2026-05-07;Pro Vorlage on/off. Pro Atom on/off. Pro Atom manuelle Wahl via IconPicker. Resolution: User-Override → Favicon (url) → Auto → generischer Fallback.;bestaetigt;User-Vorgabe Symboltoggle und Symbolauswahl
12 Info-Konsolidierung;129;symbol_override-Spalte auf info_fields + links;Final 2026-05-07;info_fields.symbol_override + links.symbol_override (Heroicons-Name oder Brand-Icon-Key). NULL=Auto.;bestaetigt;folgt aus 12.8
12 Info-Konsolidierung;1210;Performance-Pflicht Symbol-System;Final 2026-05-07;Favicon-Fetch via SW-Cache. Brand-Icons als SVG-Assets in client-web/src/assets/brand-icons/. Lazy-Render via IntersectionObserver in langen Listen.;bestaetigt;User: passt
13 Toggles;131;V1-Provider Comments;Final 2026-05-07;V1 = SMTP (Outbound) + IMAP (Inbound) + Slack + Teams (bidirektional via Standard-Protokollen + App-Bot/Events-API). V2 = Outlook-Graph + Gmail-API. Protonmail entfaellt.;bestaetigt;User: V1=SMTP+IMAP/Slack/Teams spaeter Mail-APIs Proton entfaellt
13 Toggles;132;V2-Provider Comments;Empfehlung;WhatsApp-Business Telegram Discord;bestaetigt;User: gerne
13 Toggles;133;V1-Provider Attachments;Final 2026-05-07;OneDrive + Google Drive + Dropbox + Nextcloud + pCloud. V2 = kDrive MagentaCLOUD Tresorit Mailbox.org.;bestaetigt;User: passt
13 Toggles;134;Comment-Toggle Default external;Annahme;per §14;bestaetigt;User: ja
13 Toggles;135;Attachment-Toggle Default cloud;Annahme;per §14;bestaetigt;User: ja
13 Toggles;136;Marker als eigene Tabelle atom_markers;Final 2026-05-07;Eigene Tabelle statt JSONB. (workspace_id atom_type atom_id user_id kind=star/eye/highlight) UNIQUE per (atom user kind). Heptad-konform.;bestaetigt;User: ja
13 Toggles;137;edit_in_view Default pro Widget-Type;Final 2026-05-07;task-list/checklist=true info-form/doc=false sonst=false. Vorlage-Designer-Inspector-Toggle pro Widget. Mit 13.7a Harmonisierungs-Modal am Schluss.;bestaetigt;User: okay dann muesste im Nachgang harmonisiert werden
13 Toggles;137a;Konflikt-Audit AccountVisibility vs edit_in_view (Audit-Final, Entscheidung deferred zum Wrap-up);Architektur-Audit;Audit 2026-05-07: AccountVisibility-Tab regelt Bedienelement-Sichtbarkeit mit 15 VisKeys + 3 Optionen (edit/always/never). edit_in_view-Widget-Toggle = Widget-Inhalt-Editierbarkeit per Vorlage. Kein direkter Konflikt aber subtile UX-Inkonsistenz. Drei Optionen Wrap-up: (1) getrennt belassen / (2) integrieren als VIS_KEY widgetInlineEdit / (3) Hybrid User-Default + Vorlage-Override (analog §6.3a). Empfehlung Variante 3. Wrap-up am Konzept-Ende.;Audit-final Entscheidung deferred;User: verankern + und dann weiter
13 Toggles;138;OAuth-Token-Storage;Frage;Pattern aus Welle A user_ai_providers reusen;bestaetigt;User: ja
13 Toggles;139;checklist_card_default mini/expanded (aus §9.7);Final 2026-05-07;Vorlage-Toggle pro Checklist-Widget Default Render-Variante in Kanban.;bestaetigt;User: ja
13 Toggles;1310;date_field_auto_calendar bool (aus §9.14);Final 2026-05-07;Vorlage-Toggle pro Vorlage Auto-Calendar-Manifestation aus Date-Fields. Default ein.;bestaetigt;User: ja
14 Alias-Sharing;141;Public-Resolve-Endpoint Default-Permission;Final 2026-05-07;Member-only + Login-Redirect Param. DSGVO-konform.;bestaetigt;User: ja
14 Alias-Sharing;142;Public-Token Anonymous-Sharing V2;Final 2026-05-07;V2 deferred. Signed-URL-JWT + Revocation + TTL + Audit-Log. BACKLOG Vision V2+.;bestaetigt V2;User: ja V2
14 Alias-Sharing;143;AI-Tool alias.expand_to_text Format;Final 2026-05-07;Default markdown. Alle 3 Formate via Param: markdown/plain/html.;bestaetigt;User: ja
14 Alias-Sharing;144;Drag-Drop-MIME-Types;Final 2026-05-07;Alle 4 V1: text/plain text/html text/uri-list application/x-matrix-atom-ref. Empfaenger waehlt.;bestaetigt;User: ja
14 Alias-Sharing;145;Custom-MIME Rename + JSON-Format;Final 2026-05-07;Rename application/x-matrix-atom → application/x-matrix-atom-ref (drag-context.ts:84). Plus Format-Erweiterung String → JSON {atomType,atomId,workspaceId}. Migration in WV.WV.;bestaetigt;User: was Sinn macht waehlen
14 Alias-Sharing;146;Alias-Autocomplete in allen Text-Inputs;Final 2026-05-07;Direktive: ueberall wo User Text schreibt = ^-Trigger Autocomplete. Coverage: Doc-Editor (live) + Comment-Editor + Mail/Slack/Teams-Compose-Bridge + Smart-Summary-Filter + Filter-Builder + Vorlagen-Designer + Info-Field-URL (14.7). Reuse use-alias-autocomplete.ts.;bestaetigt;User: ja
14 Alias-Sharing;147;Alias als URL-Wert in info_field (Direktverlinkung);Final 2026-05-07;User kann ^kunde statt URL eintippen. Storage: Alias als String. Validation akzeptiert ^-Format. Render: Welle-D-Resolver expandiert live. Click: zum Ziel-Atom. Symbol: vom Ziel-Atom geerbt. Live-Resolver folgt bei Aenderung. UX: ^-Trigger Autocomplete (§14.6).;bestaetigt;User-Vorgabe: in einem Infofeld URL kann ich auch einfach ein alias eintippen als direktverlinkung
14a Fundus;F1;Form des Fundus;Frage;Eigene Matrix auf Workspace-Root oder abgelegener Container? Visuell unterscheidbar Hintergrund-Farbe/dimmed/eigenes Symbol;deferred;User-Quote: Anlage fundus-matrix auf oberster Ebene oder etwas abgelegen abrufbar
14a Fundus;F2;Atom-Status im Fundus;Frage;Aktiv (Realtime + Alias-resolvable) oder frozen-Snapshot;deferred;Konsequenz §5.8 + Alias-Resolver
14a Fundus;F3;Manifestationen-Konsequenz bei anderen Cells;Frage;Mit-verschoben / hart entfernt / unveraendert sichtbar;deferred;Single-Source vs Live-Reference
14a Fundus;F4;Alias-Resolution bei Fundus-Atom;Frage;Aufloesbar mit Hint / broken / soft-broken mit Warnung;deferred;Aliasaufloesung darf nicht ins Leere zeigen
14a Fundus;F5;Schema-Form;Frage;is_in_fundus / eigene Tabelle / state-Enum;deferred;Heptad-Slot 1 + Performance
14a Fundus;F6;Berechtigungen + Scope;Frage;User-privat / Workspace-shared / Plattform / Hybrid;deferred;RLS-Form
14a Fundus;F7;Restore-Pfad UX;Frage;Drag-Drop / Restore-Button mit Cell-Picker / Auto-Restore via Alias;deferred;UX-Flow
14a Fundus;F8;Fundus vs Export-Doppelboden §8.2;Frage;Beide noetig - andere Funktionen?;deferred;Beziehung der zwei Doppelboeden klaeren
14a Fundus;F9;Sub-Strukturen + Sub-Matrizen;Frage;Rekursive Mit-Verschiebung oder nur Manifestation;deferred;Rekursions-Logik
14a Fundus;F10;Auto-Cleanup nach X Tagen;Frage;Hart-Delete-Timer oder ewige Aufbewahrung;deferred;Storage-Hygiene
14a Fundus;F11;Migration heutiger Soft-Delete;Frage;Konsolidierung mit archived_at (Welle T) + Doc-Pin-Soft-State;deferred;Adjacent-Cleanup
14a Fundus;F12;Foundation-§14-Probe;Frage;Native vs Bridge-Konzept (Atom in OneNote-Archiv-Section?);deferred;Integration-First-Probe
15 Heptad;151;Tabellen-Liste vollstaendig;Final 2026-05-07 (User: du entscheidest fachlich);13 Tabellen-Eintraege in 3 Sub-Tabellen. A) feature_templates+template_sections+template_widgets+cell_template_instances+cell_widget_overrides+hotkey_slots. B) info_fields(NEU)+links(EXTENDED)+user_oauth_tokens(NEU)+widget_external_channels(NEU). C) saved_filters(NEU)+atom_markers(NEU)+atom_manifestations(EXTENDED 9.A)+atom_pins(GONE 9.A). Kein dito-Schleifen. hotkey_slots EINE Tabelle mit scope-Discriminator analog saved_filters. feature_templates.scope-Discriminator statt eigener Plattform-Tabelle.;bestaetigt;Claude-Entscheidung im Projektkontext
15 Heptad;152;OAuth-Tokens nicht exportieren;Final 2026-05-07;User-privat per RLS Workspace-Export public Token-Export = Datenpanne. Praezedenz user_ai_providers Architektur 12.4. User muss Channels neu verknuepfen UX-Hint im Wizard.;bestaetigt;
15 Heptad;153;Realtime fuer feature_templates;Final 2026-05-07;Workspace-Channel mit RLS-Filter (eine Subscription RLS schneidet User-scope Owner-side zu). 5.1 ein Channel pro Workspace. Throttle nicht noetig.;bestaetigt;User-CSV per toggle workspace/User wird durch RLS-Filter abgedeckt
15 Heptad;154;RLS-Skizze;Final 2026-05-07;Plattform-WRITE nur is_platform_admin User-Vorlage SELECT nur Owner Workspace SELECT is_workspace_member + WRITE can_write_workspace. Detail-Tabelle in 15.4.;bestaetigt;
15 Heptad;155;Channel-Bridge-Slot 8 immer gefuellt;Final 2026-05-07;14.3 Pflicht. Strukturdaten/Annotation 8 Tabellen = n/a. User-Inhalts-Tabellen info_fields(V2-Bridge)/links(provider-Discr=Bridge)/user_oauth_tokens(=Bridge-Identitaet)/widget_external_channels(=Bridge-Slot). Foundation-Probe 14.7 vor Welle WV.D.;bestaetigt;
16 Reihenfolge;160;Pre-WV.A Pflicht-Sprints;Final 2026-05-08;WV.WV (atom_pins-Konsolidierung + 7 Komponenten + MIME-Rename) + WV.Y (Atom-Filter-Attribute-Audit). WV.X NICHT Pre-WV.A-Pflicht (deferred). ~17-22d.;bestaetigt;Pre-WV.A-Pflicht: atom_pins-Konsolidierung als Schema-Foundation Filter-Attrs als Single-Source
16 Reihenfolge;161;Welle A Foundation (~15d);Final 2026-05-08;feature_templates + template_sections + template_widgets + cell_template_instances + cell_widget_overrides + hotkey_slots + saved_filters (alle 7 Tabellen) + RLS + Realtime + Plattform-Defaults + Widget-Renderer + FilterBuilderModal;bestaetigt;saved_filters/hotkey_slots vorgezogen weil Foundation-Konsumenten
16 Reihenfolge;162;Welle B Atom-Erweiterung + Symbol-System (~13d);Final 2026-05-08;info_fields-Atom + links-EXTENDED (provider/symbol_override/click_count) + atom_markers + Symbol-System (10+15 Defaults + Favicon-Fetch SW-Cache + Lazy-Render) + Backfills clean-cut;bestaetigt;Symbol-System gehoert zu Atom-Welle nicht F
16 Reihenfolge;163;Welle C Vorlagen-CRUD + Bulk-Apply (~14d);Final 2026-05-08;Vorlagen-Verwaltungs-Route /w/:wsId/templates/ V1 (NICHT V2) + Save-as-Template + Multi-Select + Bulk-Hotkey + 4 Bulk-Komponenten + Reset-to-Template + layout_version-Pinning;bestaetigt;Vorlagen-Route V1 per User-Direktive 2026-05-05
16 Reihenfolge;164;Welle D Channel-Bridges (~25d);Final 2026-05-08;user_oauth_tokens + widget_external_channels + OAuth-Foundation + OneNote-Doc-Sync + Mail-Bridge SMTP+IMAP+Slack+Teams + Cloud OneDrive+Drive+Dropbox+Nextcloud+pCloud + Public-Alias-Resolve Member-only + AI-Tool alias.expand_to_text;bestaetigt;V1-Provider-Listen aus 13.1+13.3
16 Reihenfolge;165;WV.Z Fundus (deferred vor F empfohlen ~10-15d);Final 2026-05-08;Konzept-Sub-Sprint F.1-F.12 + fundus_*-Schema + Restore-UX + DangerousDeleteModal-Adjacent-Cleanup mit zweitem Knopf;bestaetigt;NICHT V1-Blocker Welle C startet mit Hard-Delete + Export-Doppelboden
16 Reihenfolge;166;Welle E Cross-View-Komplettierung (~10d);Final 2026-05-08;Doc-Cross-View + Auto-Calendar-aus-Date-Field (info_field 9.14) + Calendar-Outbound (Google+Outlook+MS365 9.5) + info_field-Drag-Source post-WV.B;bestaetigt;
16 Reihenfolge;167;Welle F Polish + Activity (~10d);Final 2026-05-08;Activity-Stream-Multi-Source (Mail+Messenger+Mutations+native) + Marker-UX auf atom_markers + Designer-Route V1-minimal oder V2 deferred;bestaetigt;Designer-Entscheidung in F selbst
16 Reihenfolge;168;WV.X Picker-Audit (deferred Timing TBD ~10-15d);Final 2026-05-08;Refactor heutiger Picker-Foundation Alias/Object/Tag/User/Atom/Cell. Welle WV.A-F nutzen heutige Picker as-is.;bestaetigt;User-Direktive 2026-05-07 muss nicht jetzt sein
16 Reihenfolge;169;Aufwand gesamt;Final 2026-05-08;~125-140d (Wellen-Kern ~87d + Pre+Deferred ~37-52d);bestaetigt;ok lieber mehr als weniger
17 Risiken;171;R-WV-1 Foundation-Refactor-Tiefe;Final 2026-05-08;Welle A nur Foundation parallele Komponenten bis Default-Vorlagen abloesen (Welle C). Pre-WV.A WV.WV Card-Polymorphie + Drop-Refactor vermindert Welle-A-Beruehrung.;bestaetigt;
17 Risiken;172;R-WV-2 Bestand-Migration;Final 2026-05-08;Clean-cut User: keine relevanten Daten. Memory feedback_clean_cut_no_prod_data.md.;bestaetigt;
17 Risiken;173;R-WV-3 Permissions;Final 2026-05-08;RLS pro Tabelle 15.4 detailliert mit Discriminator-Branching.;bestaetigt;
17 Risiken;174;R-WV-4 Provider-OAuth-Komplexitaet;Final 2026-05-08;OAuth-Foundation als shared Pattern user_oauth_tokens einheitlich + Admin-Dashboard-Slots mit Verify-Buttons. V1-Liste pro Domain aus 13.1+13.3.;bestaetigt;Mitigation angepasst
17 Risiken;175;R-WV-5 Layout-Versionen;Final 2026-05-08;layout_version-Pinning + UI-Hint 6.3c.;bestaetigt;
17 Risiken;176;R-WV-6 Performance Widget-Render;Final 2026-05-08;Lazy-Subscribe Realtime-Routing Skeleton + virtualisiertes Scrolling V2 wenn noetig + Measurement vor Optimierung.;bestaetigt;
17 Risiken;177;R-WV-7 Hotkey-Konflikt;Final 2026-05-08;Slot-Hint-Toolbar + Confirm bei Override 8.7.;bestaetigt;
17 Risiken;178;R-WV-8 Cross-View-Drag-Edge-Cases;Final 2026-05-08;Live-Resolve via title_template Welle D existing.;bestaetigt;
17 Risiken;179;R-WV-9 AI-Tool-Permission;Final 2026-05-08;Permission-Check im Tool + AI-Tool laeuft mit User-JWT (nicht service_role) RLS schneidet zu.;bestaetigt;
17 Risiken;1710;R-WV-10 Atom-spezifische Filter-Attribute;Final 2026-05-08;Eigener WV.Y Audit-Sprint Pre-WV.A-Pflicht. lib/atom-filter-attrs.ts Single-Source.;bestaetigt;
17 Risiken;1711;R-WV-11 Filter-Builder-Globalitaet;Final 2026-05-08;components/FilterBuilder/ + README + Adjacent-Cleanup-Probe + Storybook/Playwright-Test pro Caller.;bestaetigt;
17 Risiken;1712;R-WV-12 Picker-Helper-Globalisierung;Final 2026-05-08;Eigener WV.X Picker-Audit-Sprint deferred Timing TBD.;bestaetigt;
17 Risiken;1713;R-WV-13 NEU Custom-MIME-Migration WV.WV;Neu+Final 2026-05-08;Pre-Sprint-Audit Grep + alle Get-Handler in einem Commit + Smoke-Test pro Drop-Target + Vitest dataTransfer-MIME-Konvention.;bestaetigt;Neu aus 14.5-Diskussion
17 Risiken;1714;R-WV-14 NEU Symbol-System Performance;Neu+Final 2026-05-08;Sprite-Sheet 15 Brand-SVGs (1 Request statt 15) + async Favicon-Fetch + Skeleton + Measurement vor Optimierung Audit erst bei >100 Cells.;bestaetigt;Neu aus 12.10-Diskussion
17 Risiken;1715;R-WV-15 NEU Fundus-Soft-Delete-Konsolidierung;Neu+Final 2026-05-08;F.11-Frage in WV.Z-Sub-Sprint. Empfehlung is_in_fundus-Pattern + Tasks-archived_at-Migration + Doc-Pins-Migration als zweiter Schritt. Kein V1-Blocker.;bestaetigt;Neu aus 14a + 16-Diskussion
17 Risiken;1716;17.1 Filter-Attribute-Liste V1-Vorschlag;Final 2026-05-08;6 Atom-Types mit V1-Filter-Attributen task/doc/link/checklist/info_field/imported_event. Audit-Eingang fuer WV.Y. Finale Definition in WV.Y nicht jetzt.;bestaetigt;Final als V1-Vorschlag
18 Verifikation;181;Trace-Test 1 Bulk-Apply Vorlage;Final 2026-05-08;Setup 5 Cells + User-Vorlage Info Vertrag + 2 Browser-Sessions. 8 Schritte Strg+E -> Strg+A -> Hotkey 6 -> Wizard 3 Steps -> Apply -> Undo. Erfolgs-Kriterien 5 cell_template_instances Aliase resolvable Realtime <2s Apply <500ms Zero-Shift. Fail-Modes dokumentiert.;bestaetigt;Konkrete Setup+Schritte+Kriterien
18 Verifikation;182;Trace-Test 2 Doc-Cross-View OneNote;Final 2026-05-08;Setup OneNote-OAuth + Workspace-Mapping + 3 Browser-Sessions. 11 Schritte Edit -> Sync -> Realtime -> Drag-Kanban -> WidgetPicker -> Card<doc> -> Drag-Calendar -> AdapterDialog -> Live-Title-Update. Erfolgs-Kriterien OneNote <10s Realtime <2s Live-Resolve kein Snapshot 3 Sub-Tests Custom-MIME-JSON.;bestaetigt;
18 Verifikation;183;Trace-Test 3 Smart-Summary external Comment;Final 2026-05-08;Setup 6 Default-Widgets + Slack-Bridge + Cell-Substruktur. 10 Schritte Render Skeleton -> Mix Mutations+Slack -> Toggle external/native -> Comment-Send -> Slack-Antwort -> Toggle-Variante. Erfolgs-Kriterien 6 Widgets <1s Slack <2s out/<5s in Native-Fallback inaktiv bei external.;bestaetigt;
18 Verifikation;184;Trace-Test 4 KI-Mail alias.expand_to_text;Final 2026-05-08;Setup AI-Provider + Cell ^kunde + 3 Docs + Outlook-Bridge. 8 Schritte AI-Befehl -> Tool-Call -> Markdown-Build -> Mail-Compose -> Drafts -> Hyperlink-Click -> Login-Redirect -> richtige Cell. Erfolgs-Kriterien <500ms Permission-Check R-WV-9 User-JWT kein service_role Mail in Drafts nicht send.;bestaetigt;
18 Verifikation;185;Heptad-Mapping Coverage-Matrix;Final 2026-05-08;Pflicht-Output docs/concepts/heptad-coverage-matrix.csv 13 Tabellen x 8 Slots = 104 Felder. Status done/n/a/pending mit File-Path. Welle-A-Start nur wenn keine pending-Felder.;bestaetigt;
18 Verifikation;186;Foundation-Direktive 14 Probe;Final 2026-05-08;Pflicht-Output docs/concepts/foundation-audit.csv 6 Domains x 4 Spalten = 24 Felder. Default-Toggle extern V1-Provider Native-Fallback-Naming Bridge-Konzept. Test-Pfad Grep default.*native = 0 Treffer.;bestaetigt;
18 Verifikation;187;Backlog-Konsistenz;Final 2026-05-08;7 heutige Features mit Migrations-Pfad. Matrix=unveraendert. Board/Info/Checkliste/Doc=Plattform-Defaults Welle A+C. Smart Summary=auto_under_features Welle A+F. Kalender=Sidebar+Outbound Welle E.;bestaetigt;
18 Verifikation;188;Risiken-Akzeptanz;Final 2026-05-08;User signiert R-WV-1 bis R-WV-15 mit Mitigation-Plan ab. Alle 15 in 17 final 2026-05-08.;bestaetigt;
